epoch	steps	train_loss	val_loss	val_acc	val_f1
1	500	4.254100	3.162356	0.711000	0.682058
2	500	2.263153	1.430507	0.829000	0.820633
3	500	0.917246	0.610556	0.915000	0.918276
4	500	0.329684	0.332496	0.942000	0.945201
